{"cameraMode":{"drawMode":0,"name":"Shaded","section":"Shading Mode"},"sceneLighting":true,"audioPlay":false,"sceneViewState":{"showFog":true,"showMaterialUpdate":true,"showSkybox":true,"showFlares":true,"showImageEffects":true,"showParticleSystems":true},"in2DMode":false,"pivot":{"x":-5.840532302856445,"y":1.376358985900879,"z":-1.186813473701477},"rotation":{"x":0.16501986980438233,"y":0.7139577269554138,"z":-0.17949897050857545,"w":0.6563634276390076},"size":20.44297981262207,"orthographic":false}